{
  "task": "msrresnet_psnr",
  "model": "plain",
  "gpu_ids": [
    0
  ],
  "dist": "True",
  "scale": 4,
  "n_channels": 3,
  "sigma": 0,
  "sigma_test": 0,
  "merge_bn": false,
  "merge_bn_startpoint": 400000,
  "path": {
    "root": "superresolution",
    "pretrained_netG": null,
    "task": "superresolution/msrresnet_psnr",
    "log": "superresolution/msrresnet_psnr",
    "options": "superresolution/msrresnet_psnr/options",
    "models": "superresolution/msrresnet_psnr/models",
    "images": "superresolution/msrresnet_psnr/images",
    "strict_netG": true,
    "pretrained_optimizerG": null
  },
  "datasets": {
    "train": {
      "name": "train_dataset",
      "dataset_type": "sr",
      "dataroot_H": "trainsets/trainH",
      "dataroot_L": null,
      "H_size": 96,
      "dataloader_shuffle": true,
      "dataloader_num_workers": 8,
      "dataloader_batch_size": 32,
      "phase": "train",
      "scale": 4,
      "n_channels": 3
    },
    "test": {
      "name": "test_dataset",
      "dataset_type": "sr",
      "dataroot_H": "testsets/set5",
      "dataroot_L": null,
      "phase": "test",
      "scale": 4,
      "n_channels": 3
    }
  },
  "netG": {
    "net_type": "msrresnet0",
    "in_nc": 3,
    "out_nc": 3,
    "nc": 64,
    "nb": 16,
    "gc": 32,
    "ng": 2,
    "reduction": 16,
    "act_mode": "R",
    "upsample_mode": "upconv",
    "downsample_mode": "strideconv",
    "init_type": "orthogonal",
    "init_bn_type": "uniform",
    "init_gain": 0.2,
    "scale": 4
  },
  "train": {
    "G_lossfn_type": "l1",
    "G_lossfn_weight": 1.0,
    "G_optimizer_type": "adam",
    "G_optimizer_lr": 0.0001,
    "G_optimizer_clipgrad": null,
    "G_optimizer_reuse": true,
    "G_scheduler_type": "MultiStepLR",
    "G_scheduler_milestones": [
      200000,
      400000,
      600000,
      800000,
      1000000,
      2000000
    ],
    "G_scheduler_gamma": 0.5,
    "G_regularizer_orthstep": null,
    "G_regularizer_clipstep": null,
    "checkpoint_test": 5000,
    "checkpoint_save": 5000,
    "checkpoint_print": 200,
    "F_use_input_norm": true,
    "F_feature_layer": 34,
    "D_optimizer_reuse": false
  },
  "opt_path": "options/train_msrresnet_psnr.json",
  "is_train": true,
  "find_unused_parameters": true,
  "num_gpu": 1,
  "rank": 0,
  "world_size": 4
}