{
  "task": "usrnet",
  "model": "plain4",
  "gpu_ids": [
    0
  ],
  "scale": 4,
  "n_channels": 3,
  "merge_bn": false,
  "merge_bn_startpoint": 300000,
  "datasets": {
    "train": {
      "name": "train_dataset",
      "dataset_type": "usrnet",
      "dataroot_H": "trainsets/trainH",
      "dataroot_L": null,
      "H_size": 240,
      "use_flip": true,
      "use_rot": true,
      "scales": [
        1,
        2,
        3,
        4
      ],
      "sf_validation": 4,
      "dataloader_shuffle": true,
      "dataloader_num_workers": 4,
      "dataloader_batch_size": 12,
      "phase": "train",
      "scale": 4,
      "n_channels": 3
    },
    "test": {
      "name": "test_dataset",
      "dataset_type": "usrnet",
      "dataroot_H": "testsets/set5",
      "dataroot_L": null,
      "phase": "test",
      "scale": 4,
      "n_channels": 3
    }
  },
  "path": {
    "root": "SR",
    "pretrained_netG": "SR/usrnet/models/50_G.pth",
    "task": "SR/usrnet",
    "log": "SR/usrnet",
    "options": "SR/usrnet/options",
    "models": "SR/usrnet/models",
    "images": "SR/usrnet/images",
    "strict_netG": true
  },
  "netG": {
    "net_type": "usrnet",
    "n_iter": 6,
    "h_nc": 32,
    "in_nc": 4,
    "out_nc": 3,
    "nc": [
      16,
      32,
      64,
      64
    ],
    "nb": 2,
    "gc": 32,
    "ng": 2,
    "reduction": 16,
    "act_mode": "R",
    "upsample_mode": "convtranspose",
    "downsample_mode": "strideconv",
    "init_type": "orthogonal",
    "init_bn_type": "uniform",
    "init_gain": 0.2,
    "scale": 4
  },
  "train": {
    "G_lossfn_type": "l1",
    "G_lossfn_weight": 1.0,
    "G_optimizer_type": "adam",
    "G_optimizer_lr": 0.0001,
    "G_optimizer_wd": 0,
    "G_optimizer_clipgrad": null,
    "G_scheduler_type": "MultiStepLR",
    "G_scheduler_milestones": [
      100000,
      200000,
      300000,
      400000
    ],
    "G_scheduler_gamma": 0.5,
    "G_regularizer_orthstep": null,
    "G_regularizer_clipstep": null,
    "checkpoint_test": 50,
    "checkpoint_save": 50,
    "checkpoint_print": 2,
    "F_use_input_norm": true,
    "F_feature_layer": 34,
    "G_optimizer_reuse": false,
    "D_optimizer_reuse": false
  },
  "opt_path": "options/train_usrnet.json",
  "is_train": true,
  "find_unused_parameters": true,
  "dist": false,
  "num_gpu": 1
}