{
  "task": "msrresnet_gan",
  "model": "gan",
  "gpu_ids": [
    0
  ],
  "scale": 4,
  "n_channels": 3,
  "sigma": [
    0,
    50
  ],
  "sigma_test": 0,
  "merge_bn": false,
  "merge_bn_startpoint": 400000,
  "path": {
    "root": "superresolution",
    "pretrained_netG": null,
    "pretrained_netD": null,
    "task": "superresolution/msrresnet_gan",
    "log": "superresolution/msrresnet_gan",
    "options": "superresolution/msrresnet_gan/options",
    "models": "superresolution/msrresnet_gan/models",
    "images": "superresolution/msrresnet_gan/images",
    "strict_netG": true,
    "strict_netD": true,
    "pretrained_optimizerG": null,
    "pretrained_optimizerD": null
  },
  "datasets": {
    "train": {
      "name": "train_dataset",
      "dataset_type": "sr",
      "dataroot_H": "trainsets/trainH",
      "dataroot_L": null,
      "H_size": 96,
      "dataloader_shuffle": true,
      "dataloader_num_workers": 8,
      "dataloader_batch_size": 32,
      "phase": "train",
      "scale": 4,
      "n_channels": 3
    },
    "test": {
      "name": "test_dataset",
      "dataset_type": "sr",
      "dataroot_H": "testsets/set5",
      "dataroot_L": null,
      "phase": "test",
      "scale": 4,
      "n_channels": 3
    }
  },
  "netG": {
    "net_type": "msrresnet0",
    "in_nc": 3,
    "out_nc": 3,
    "nc": 64,
    "nb": 16,
    "gc": 32,
    "ng": 2,
    "reduction": 16,
    "act_mode": "R",
    "upsample_mode": "upconv",
    "downsample_mode": "strideconv",
    "init_type": "orthogonal",
    "init_bn_type": "uniform",
    "init_gain": 0.2,
    "scale": 4
  },
  "netD": {
    "net_type": "discriminator_vgg_96",
    "in_nc": 3,
    "act_mode": "BL",
    "base_nc": 64,
    "init_type": "orthogonal",
    "init_bn_type": "uniform",
    "init_gain": 0.2,
    "n_layers": 3
  },
  "train": {
    "G_lossfn_type": "l1",
    "G_lossfn_weight": 0.01,
    "F_lossfn_type": "l1",
    "F_lossfn_weight": 1,
    "gan_type": "ragan",
    "D_lossfn_weight": 0.005,
    "D_init_iters": 0,
    "G_optimizer_type": "adam",
    "G_optimizer_lr": 1e-05,
    "G_optimizer_wd": 0,
    "D_optimizer_type": "adam",
    "D_optimizer_lr": 1e-05,
    "D_optimizer_wd": 0,
    "G_scheduler_type": "MultiStepLR",
    "G_scheduler_milestones": [
      200000,
      800000,
      1200000,
      2000000
    ],
    "G_scheduler_gamma": 0.5,
    "G_optimizer_reuse": true,
    "D_scheduler_type": "MultiStepLR",
    "D_scheduler_milestones": [
      200000,
      800000,
      1200000,
      2000000
    ],
    "D_scheduler_gamma": 0.5,
    "D_optimizer_reuse": true,
    "checkpoint_test": 5000,
    "checkpoint_save": 5000,
    "checkpoint_print": 200,
    "F_use_input_norm": true,
    "F_feature_layer": 34
  },
  "opt_path": "options/train_msrresnet_gan.json",
  "is_train": true,
  "find_unused_parameters": true,
  "dist": false,
  "num_gpu": 1,
  "rank": 0,
  "world_size": 1
}